nll-oracle,nll-test,EmbeddingSimilarity,
1,10.760517,7.5944324,-0.21056285826426938,
