nll-oracle,nll-test,EmbeddingSimilarity,
1,9.659588,7.5038185,-0.17232643983290885,
6,8.651364,6.582053,-0.19433998735190902,
10,8.817486,6.187824,-0.202553659024349,
14,8.6433525,6.110709,-0.19924634674036665,
15,8.724416,6.0444617,-0.20274624467253685,
