nll-oracle,nll-test,EmbeddingSimilarity,
1,9.659588,7.5038185,-0.17034282011674068,
6,8.651364,6.582053,-0.18965794788741802,
10,8.7446165,6.190806,-0.196061618494562,
14,8.592371,6.1104264,-0.19402272216580718,
15,8.683584,6.045677,-0.20517273925391116,
