nll-oracle,nll-test,EmbeddingSimilarity,
1,10.760517,7.5944324,-0.20941748154474352,
